Scenario Name,Heap Size,Concurrent Users,Label,# Samples,Error Count,Error %,Throughput (Requests/sec),Average Response Time (ms),Standard Deviation of Response Time (ms),Minimum Response Time (ms),Maximum Response Time (ms),75th Percentile of Response Time (ms),90th Percentile of Response Time (ms),95th Percentile of Response Time (ms),98th Percentile of Response Time (ms),99th Percentile of Response Time (ms),99.9th Percentile of Response Time (ms),Received (KB/sec),Sent (KB/sec),WSO2 Identity Server 1 GC Throughput (%),WSO2 Identity Server 1 Memory Footprint (M),Average WSO2 Identity Server 1 Memory Footprint After Full GC (M),Standard Deviation of WSO2 Identity Server 1 Memory Footprint After Full GC (M),WSO2 Identity Server 2 GC Throughput (%),WSO2 Identity Server 2 Memory Footprint (M),Average WSO2 Identity Server 2 Memory Footprint After Full GC (M),Standard Deviation of WSO2 Identity Server 2 Memory Footprint After Full GC (M),JMeter Client GC Throughput (%),JMeter Client Memory Footprint (M),Average JMeter Client Memory Footprint After Full GC (M),Standard Deviation of JMeter Client Memory Footprint After Full GC (M),WSO2 Identity Server 1 Load Average - Last 1 minute,WSO2 Identity Server 1 Load Average - Last 5 minutes,WSO2 Identity Server 1 Load Average - Last 15 minutes,WSO2 Identity Server 2 Load Average - Last 1 minute,WSO2 Identity Server 2 Load Average - Last 5 minutes,WSO2 Identity Server 2 Load Average - Last 15 minutes,JMeter Client Load Average - Last 1 minute,JMeter Client Load Average - Last 5 minutes,JMeter Client Load Average - Last 15 minutes
Authenticate Super Tenant User,2G,50,Authenticate,327429,0,0,545.67,91.43,49.16,7,387,121,159,183,210,230,285,322.34,406.53,98.14,2036.5,85.149,,97.9,2036.5,82.948,,99.92,2048,6956,,3.88,4.27,2.97,3.08,4.20,3.10,0.22,0.18,0.11
Authenticate Super Tenant User,2G,100,Authenticate,352927,0,0,588.1,169.88,93.59,7,804,225,299,345,401,437,547,347.46,438.14,97.87,2034,82.381,,97.57,2034,82.677,,99.9,2048,6961,,5.05,5.39,4.76,4.48,5.58,4.96,0.29,0.23,0.16
Authenticate Super Tenant User,2G,150,Authenticate,364927,0,0,608.03,246.6,136.16,7,1093,327,433,501,583,643,811,359.24,452.99,97.67,2031.5,83.226,,97.38,2031,84.716,,99.88,2048,6958,,3.72,5.45,5.23,5.16,7.13,6.62,0.08,0.12,0.15
Authenticate Super Tenant User,2G,300,Authenticate,374292,0,0,623.42,481.03,272.21,8,2447,639,847,991,1167,1295,1663,368.44,464.45,97.39,2030.5,84.761,,97,2031,84.604,,99.81,2048,6961,,5.87,7.34,6.54,6.04,8.90,8.33,0.12,0.22,0.19
Authenticate Super Tenant User,2G,500,Authenticate,370988,0,0,617.65,808.82,529.51,6,6402,1055,1447,1727,2127,2527,4383,365.07,460.16,96.17,2028.5,578.54,,95.52,2028.5,622.808,,99.74,2048,6961,,4.94,7.09,7.39,6.31,9.36,10.57,0.18,0.22,0.19
Auth Code Grant Redirect With Consent,2G,50,Authorize Request,37826,0,0,63.03,206.58,42.4,73,416,234,263,281,299,313,353,29.11,21.23,99.17,2034.5,84.024,,99.05,2034.5,82.937,,99.95,2048,7026,,1.00,1.54,3.27,1.23,1.48,4.18,0.04,0.05,0.08
Auth Code Grant Redirect With Consent,2G,50,Common Auth Login HTTP Request,37820,0,0,63.02,365.92,116.53,91,932,423,523,599,675,715,835,41.17,19.07,99.17,2034.5,84.024,,99.05,2034.5,82.937,,99.95,2048,7026,,1.00,1.54,3.27,1.23,1.48,4.18,0.04,0.05,0.08
Auth Code Grant Redirect With Consent,2G,50,Get access token,37827,0,0,63.04,147.48,29.41,71,335,166,186,199,214,225,261,94.08,35.93,99.17,2034.5,84.024,,99.05,2034.5,82.937,,99.95,2048,7026,,1.00,1.54,3.27,1.23,1.48,4.18,0.04,0.05,0.08
Auth Code Grant Redirect With Consent,2G,50,Send request to authorize end poiont,37817,0,0,63.03,72.73,28.18,20,313,90,110,124,140,154,202,40.47,16.23,99.17,2034.5,84.024,,99.05,2034.5,82.937,,99.95,2048,7026,,1.00,1.54,3.27,1.23,1.48,4.18,0.04,0.05,0.08
Auth Code Grant Redirect With Consent,2G,100,Authorize Request,37601,0,0,62.66,332.24,102.68,103,980,387,469,527,599,651,799,28.94,21.11,99.16,2032.5,84.767,,99.04,2032,84.78,,99.94,2048,7026,,1.64,1.28,1.84,0.99,1.50,2.32,0.07,0.09,0.09
Auth Code Grant Redirect With Consent,2G,100,Common Auth Login HTTP Request,37628,0,0,62.68,854.6,307.28,175,2871,1011,1279,1455,1655,1783,2111,40.95,18.97,99.16,2032.5,84.767,,99.04,2032,84.78,,99.94,2048,7026,,1.64,1.28,1.84,0.99,1.50,2.32,0.07,0.09,0.09
Auth Code Grant Redirect With Consent,2G,100,Get access token,37624,0,0,62.7,228.93,72.77,76,739,265,323,371,427,471,575,93.57,35.73,99.16,2032.5,84.767,,99.04,2032,84.78,,99.94,2048,7026,,1.64,1.28,1.84,0.99,1.50,2.32,0.07,0.09,0.09
Auth Code Grant Redirect With Consent,2G,100,Send request to authorize end poiont,37633,0,0,62.71,179.31,100.18,24,817,230,319,379,445,493,643,40.27,16.15,99.16,2032.5,84.767,,99.04,2032,84.78,,99.94,2048,7026,,1.64,1.28,1.84,0.99,1.50,2.32,0.07,0.09,0.09
Auth Code Grant Redirect With Consent,2G,150,Authorize Request,37174,0,0,61.92,452.89,179.52,104,1709,551,699,803,919,1003,1255,28.6,20.86,99.11,2030,85.023,,98.95,2030,82.337,,99.93,2048,7026,,1.73,1.92,2.00,0.76,1.15,1.63,0.09,0.08,0.08
Auth Code Grant Redirect With Consent,2G,150,Common Auth Login HTTP Request,37174,0,0,61.9,1337.39,541,215,4681,1647,2079,2367,2719,2991,3631,40.44,18.73,99.11,2030,85.023,,98.95,2030,82.337,,99.93,2048,7026,,1.73,1.92,2.00,0.76,1.15,1.63,0.09,0.08,0.08
Auth Code Grant Redirect With Consent,2G,150,Get access token,37152,0,0,61.91,330.16,145.28,82,1291,403,531,623,723,791,1011,92.38,35.28,99.11,2030,85.023,,98.95,2030,82.337,,99.93,2048,7026,,1.73,1.92,2.00,0.76,1.15,1.63,0.09,0.08,0.08
Auth Code Grant Redirect With Consent,2G,150,Send request to authorize end poiont,37157,0,0,61.92,300.2,182.61,23,1381,407,555,655,767,851,1087,39.76,15.95,99.11,2030,85.023,,98.95,2030,82.337,,99.93,2048,7026,,1.73,1.92,2.00,0.76,1.15,1.63,0.09,0.08,0.08
Auth Code Grant Redirect With Consent,2G,300,Authorize Request,36029,0,0,60,829.52,408.52,119,3579,1071,1383,1599,1855,2031,2671,27.71,20.21,98.98,2024,85.5,,98.82,2023.5,82.533,,99.9,2048,7027,,1.56,1.63,1.89,1.30,1.66,1.73,0.02,0.08,0.08
Auth Code Grant Redirect With Consent,2G,300,Common Auth Login HTTP Request,36139,0,0,60.1,2713.37,1251.36,226,10372,3423,4415,5055,5919,6527,8447,39.26,18.19,98.98,2024,85.5,,98.82,2023.5,82.533,,99.9,2048,7027,,1.56,1.63,1.89,1.30,1.66,1.73,0.02,0.08,0.08
Auth Code Grant Redirect With Consent,2G,300,Get access token,36116,0,0,60.14,717.54,386.1,79,3190,947,1271,1439,1679,1831,2271,89.74,34.27,98.98,2024,85.5,,98.82,2023.5,82.533,,99.9,2048,7027,,1.56,1.63,1.89,1.30,1.66,1.73,0.02,0.08,0.08
Auth Code Grant Redirect With Consent,2G,300,Send request to authorize end poiont,36122,0,0,60.19,725.04,442.32,26,4241,967,1311,1551,1871,2079,2767,38.65,15.5,98.98,2024,85.5,,98.82,2023.5,82.533,,99.9,2048,7027,,1.56,1.63,1.89,1.30,1.66,1.73,0.02,0.08,0.08
Auth Code Grant Redirect With Consent,2G,500,Authorize Request,34828,0,0,57.95,1372.03,686.44,3,5366,1783,2287,2607,3071,3423,4319,26.76,19.52,98.86,2016,85.069,,98.73,2016,84.824,,99.84,2048,7026,,1.67,1.65,1.72,2.48,1.90,1.91,0.00,0.05,0.09
Auth Code Grant Redirect With Consent,2G,500,Common Auth Login HTTP Request,34824,16,0.05,57.92,4621.4,2241.7,62,18754,5919,7711,8831,10239,11263,14079,37.84,17.53,98.86,2016,85.069,,98.73,2016,84.824,,99.84,2048,7026,,1.67,1.65,1.72,2.48,1.90,1.91,0.00,0.05,0.09
Auth Code Grant Redirect With Consent,2G,500,Get access token,34766,32,0.09,57.86,1301.26,675.3,3,5100,1695,2255,2591,3007,3215,3935,86.28,32.97,98.86,2016,85.069,,98.73,2016,84.824,,99.84,2048,7026,,1.67,1.65,1.72,2.48,1.90,1.91,0.00,0.05,0.09
Auth Code Grant Redirect With Consent,2G,500,Send request to authorize end poiont,34710,0,0,57.8,1307.59,801.27,33,6502,1751,2351,2815,3407,3807,5151,37.11,14.88,98.86,2016,85.069,,98.73,2016,84.824,,99.84,2048,7026,,1.67,1.65,1.72,2.48,1.90,1.91,0.00,0.05,0.09
Implicit Grant Redirect With Consent,2G,50,Common Auth Login HTTP Request,45974,0,0,76.61,398.36,97.44,106,827,463,527,567,611,643,723,50.05,23.18,99.26,2034,82.731,,99.22,2034.5,85.101,,99.96,2048,7005,,0.58,0.98,1.28,0.24,0.71,1.18,0.01,0.06,0.07
Implicit Grant Redirect With Consent,2G,50,Common Auth Login HTTP Request Redirect,45965,0,0,76.61,168.64,38.57,62,427,193,219,235,257,271,323,25.57,25.81,99.26,2034,82.731,,99.22,2034.5,85.101,,99.96,2048,7005,,0.58,0.98,1.28,0.24,0.71,1.18,0.01,0.06,0.07
Implicit Grant Redirect With Consent,2G,50,Send request to authorize end point,45967,0,0,76.61,85.34,33.64,20,1099,104,129,146,168,184,239,49.48,19.88,99.26,2034,82.731,,99.22,2034.5,85.101,,99.96,2048,7005,,0.58,0.98,1.28,0.24,0.71,1.18,0.01,0.06,0.07
Implicit Grant Redirect With Consent,2G,100,Common Auth Login HTTP Request,44400,0,0,73.94,859.13,288.71,148,2699,1047,1247,1375,1519,1631,1967,48.3,22.38,99.25,2032,83.456,,99.14,2032,85.069,,99.95,2048,7010,,0.58,0.78,0.96,0.79,0.79,0.96,0.09,0.07,0.08
Implicit Grant Redirect With Consent,2G,100,Common Auth Login HTTP Request Redirect,44381,0,0,73.93,254.27,97.17,63,963,301,381,443,523,571,735,24.68,24.9,99.25,2032,83.456,,99.14,2032,85.069,,99.95,2048,7010,,0.58,0.78,0.96,0.79,0.79,0.96,0.09,0.07,0.08
Implicit Grant Redirect With Consent,2G,100,Send request to authorize end point,44382,0,0,73.96,238.07,132.24,21,982,315,419,493,575,631,791,47.77,19.19,99.25,2032,83.456,,99.14,2032,85.069,,99.95,2048,7010,,0.58,0.78,0.96,0.79,0.79,0.96,0.09,0.07,0.08
Implicit Grant Redirect With Consent,2G,150,Common Auth Login HTTP Request,44668,0,0,74.42,1266.75,498.25,166,4657,1575,1935,2175,2447,2639,3263,48.62,22.52,99.22,2029.5,85.151,,99.07,2029,84.946,,99.94,2048,7010,,0.41,0.94,1.06,1.17,1.26,1.14,0.16,0.11,0.08
Implicit Grant Redirect With Consent,2G,150,Common Auth Login HTTP Request Redirect,44641,0,0,74.38,340.53,170.95,58,1803,421,571,675,815,911,1207,24.83,25.06,99.22,2029.5,85.151,,99.07,2029,84.946,,99.94,2048,7010,,0.41,0.94,1.06,1.17,1.26,1.14,0.16,0.11,0.08
Implicit Grant Redirect With Consent,2G,150,Send request to authorize end point,44676,0,0,74.45,407.55,242.78,23,2029,555,743,863,1015,1119,1423,48.09,19.31,99.22,2029.5,85.151,,99.07,2029,84.946,,99.94,2048,7010,,0.41,0.94,1.06,1.17,1.26,1.14,0.16,0.11,0.08
Implicit Grant Redirect With Consent,2G,300,Common Auth Login HTTP Request,43318,0,0,72.17,2598.04,1137.69,215,9109,3327,4159,4639,5279,5759,7391,47.15,21.84,99.08,2023,84.882,,98.98,2022,84.768,,99.91,2048,7005,,0.53,1.12,1.24,0.73,1.08,1.24,0.00,0.04,0.06
Implicit Grant Redirect With Consent,2G,300,Common Auth Login HTTP Request Redirect,43349,0,0,72.21,647.26,399.98,65,3684,847,1183,1415,1735,1951,2655,24.1,24.32,99.08,2023,84.882,,98.98,2022,84.768,,99.91,2048,7005,,0.53,1.12,1.24,0.73,1.08,1.24,0.00,0.04,0.06
Implicit Grant Redirect With Consent,2G,300,Send request to authorize end point,43347,0,0,72.2,904.05,563.53,24,4542,1231,1679,1983,2351,2559,3407,46.63,18.73,99.08,2023,84.882,,98.98,2022,84.768,,99.91,2048,7005,,0.53,1.12,1.24,0.73,1.08,1.24,0.00,0.04,0.06
Implicit Grant Redirect With Consent,2G,500,Common Auth Login HTTP Request,41056,11,0.03,68.22,4349.76,2101.47,77,15975,5663,7263,8255,9471,10303,12607,44.56,20.65,99.03,2013.5,84.749,,98.82,2014,82.551,,99.87,2048,7010,,1.14,1.10,1.24,1.00,1.76,1.63,0.08,0.04,0.03
Implicit Grant Redirect With Consent,2G,500,Common Auth Login HTTP Request Redirect,41136,19,0.05,68.42,1185.01,790.54,4,7703,1591,2223,2703,3295,3775,5439,22.85,23.05,99.03,2013.5,84.749,,98.82,2014,82.551,,99.87,2048,7010,,1.14,1.10,1.24,1.00,1.76,1.63,0.08,0.04,0.03
Implicit Grant Redirect With Consent,2G,500,Send request to authorize end point,41101,0,0,68.33,1751.21,1064.38,25,10146,2351,3183,3775,4511,5055,6655,44.14,17.73,99.03,2013.5,84.749,,98.82,2014,82.551,,99.87,2048,7010,,1.14,1.10,1.24,1.00,1.76,1.63,0.08,0.04,0.03
Password Grant Type,2G,50,GetToken_Password_Grant,358037,0,0,596.71,83.61,36.01,9,449,105,131,148,169,184,231,258.7,197.94,98.65,2040.5,83.172,,98.51,2040,85.067,,99.92,2048,5904,,2.07,2.66,2.25,1.99,2.24,2.13,0.06,0.11,0.09
Password Grant Type,2G,100,GetToken_Password_Grant,351356,0,0,585.53,170.62,71.98,10,611,215,267,299,339,365,451,253.86,194.23,98.55,2038.5,84.853,,98.33,2038,82.372,,99.9,2048,5900,,2.36,3.16,2.90,2.06,2.81,2.72,0.10,0.17,0.17
Password Grant Type,2G,150,GetToken_Password_Grant,350890,0,0,584.69,256.48,108.37,10,905,325,401,449,505,547,671,253.49,193.95,98.42,2036,84.795,,98.19,2036.5,84.753,,99.89,2048,5901,,4.18,3.92,3.55,2.40,2.79,3.00,0.12,0.13,0.15
Password Grant Type,2G,300,GetToken_Password_Grant,341090,0,0,568.28,527.75,225.49,9,1890,671,827,927,1047,1127,1367,246.37,188.51,98.16,2029.5,84.928,,97.84,2029.5,82.351,,99.85,2048,5904,,2.05,2.73,3.03,2.95,4.14,3.97,0.20,0.37,0.26
Password Grant Type,2G,500,GetToken_Password_Grant,337606,0,0,562.15,888.74,383.21,11,3144,1135,1399,1567,1767,1903,2303,243.72,186.47,97.81,2021,85.001,,97.5,2022.5,85.056,,99.79,2048,5905,,2.98,4.16,3.87,3.17,3.65,3.87,0.28,0.20,0.20
Client Credentials Grant Type,2G,50,Get Token Client Credential Grant,3434618,0,0,5724.67,8.54,5.67,1,222,10,12,15,21,46,58,2168.83,1838.08,98.63,2046,83.005,,98.47,2045.5,85.108,,99.4,2048,5891,,4.37,4.32,3.94,4.66,4.44,4.07,1.34,1.90,1.31
Client Credentials Grant Type,2G,100,Get Token Client Credential Grant,3681011,0,0,6135.14,16.07,7.5,1,1031,19,23,27,34,53,70,2324.34,1969.87,98.48,2044,84.856,,98.29,2044.5,84.946,,99.22,2048,5887,,5.31,5.19,4.50,5.67,5.39,4.72,2.93,3.10,2.25
Client Credentials Grant Type,2G,150,Get Token Client Credential Grant,3751851,0,0,6253.14,23.73,10.02,1,1042,28,35,40,50,63,84,2369.05,2007.76,98.36,2043,82.714,,98.17,2042.5,84.849,,99.07,2048,5891,,5.69,5.84,5.13,5.97,6.14,5.46,2.86,3.09,2.58
Client Credentials Grant Type,2G,300,Get Token Client Credential Grant,3932397,0,0,6553.83,45.38,21.65,1,1210,53,63,73,89,101,152,2482.97,2104.3,98.13,2038.5,82.904,,97.91,2039,84.975,,98.54,2048,5890,,7.47,8.33,7.16,8.76,8.31,7.00,6.31,3.92,3.00
Client Credentials Grant Type,2G,500,Get Token Client Credential Grant,3954690,0,0,6589.96,75.36,52.67,1,3193,89,108,123,149,172,1095,2496.66,2115.91,98.02,2037,83.092,,97.54,2031.5,84.73,,98,2048,5890,,8.41,9.95,8.62,11.18,11.84,9.83,4.88,3.60,3.08
OIDC Auth Code Grant Redirect With Consent,2G,50,Authorize call,38132,0,0,63.55,205.52,43.78,76,457,234,263,283,303,317,369,29.35,21.41,99.16,2034.5,82.757,,99.08,2034.5,84.974,,99.95,2048,7025,,1.67,1.61,3.55,1.13,1.59,3.98,0.13,0.21,1.02
OIDC Auth Code Grant Redirect With Consent,2G,50,Common Auth Login HTTP Request,38150,0,0,63.57,365.07,113.09,90,945,423,515,587,659,707,811,41.53,19.24,99.16,2034.5,82.757,,99.08,2034.5,84.974,,99.95,2048,7025,,1.67,1.61,3.55,1.13,1.59,3.98,0.13,0.21,1.02
OIDC Auth Code Grant Redirect With Consent,2G,50,Get tokens,38154,0,0,63.58,143.9,30.65,68,353,163,184,198,214,225,265,94.89,36.24,99.16,2034.5,82.757,,99.08,2034.5,84.974,,99.95,2048,7025,,1.67,1.61,3.55,1.13,1.59,3.98,0.13,0.21,1.02
OIDC Auth Code Grant Redirect With Consent,2G,50,Send request to authorize end poiont,38150,0,0,63.58,71.52,28.9,20,261,88,110,125,143,156,201,40.82,16.37,99.16,2034.5,82.757,,99.08,2034.5,84.974,,99.95,2048,7025,,1.67,1.61,3.55,1.13,1.59,3.98,0.13,0.21,1.02
OIDC Auth Code Grant Redirect With Consent,2G,100,Authorize call,38038,0,0,63.38,329.16,101.18,90,1001,383,467,523,587,635,779,29.27,21.35,99.11,2032.5,82.752,,99.05,2032.5,84.761,,99.94,2048,7025,,1.96,1.51,2.05,0.97,1.43,2.32,0.07,0.11,0.36
OIDC Auth Code Grant Redirect With Consent,2G,100,Common Auth Login HTTP Request,38049,0,0,63.39,844.07,300.76,125,2529,1003,1263,1439,1615,1727,2039,41.41,19.18,99.11,2032.5,82.752,,99.05,2032.5,84.761,,99.94,2048,7025,,1.96,1.51,2.05,0.97,1.43,2.32,0.07,0.11,0.36
OIDC Auth Code Grant Redirect With Consent,2G,100,Get tokens,38058,0,0,63.42,227.64,71.92,70,731,263,323,365,421,461,571,94.64,36.14,99.11,2032.5,82.752,,99.05,2032.5,84.761,,99.94,2048,7025,,1.96,1.51,2.05,0.97,1.43,2.32,0.07,0.11,0.36
OIDC Auth Code Grant Redirect With Consent,2G,100,Send request to authorize end poiont,38066,0,0,63.44,175.57,95.37,22,797,224,307,363,425,473,627,40.73,16.33,99.11,2032.5,82.752,,99.05,2032.5,84.761,,99.94,2048,7025,,1.96,1.51,2.05,0.97,1.43,2.32,0.07,0.11,0.36
OIDC Auth Code Grant Redirect With Consent,2G,150,Authorize call,37544,0,0,62.6,458.03,179.45,96,1688,551,703,803,923,1011,1319,28.91,21.08,99.1,2030,85.109,,99.01,2030,84.882,,99.93,2048,7024,,1.62,1.91,1.88,0.82,1.22,1.62,0.02,0.05,0.13
OIDC Auth Code Grant Redirect With Consent,2G,150,Common Auth Login HTTP Request,37521,0,0,62.47,1305.51,530.93,201,4958,1599,2023,2319,2655,2895,3615,40.81,18.9,99.1,2030,85.109,,99.01,2030,84.882,,99.93,2048,7024,,1.62,1.91,1.88,0.82,1.22,1.62,0.02,0.05,0.13
OIDC Auth Code Grant Redirect With Consent,2G,150,Get tokens,37528,0,0,62.58,324.36,142.18,82,1270,395,523,607,711,779,979,93.39,35.67,99.1,2030,85.109,,99.01,2030,84.882,,99.93,2048,7024,,1.62,1.91,1.88,0.82,1.22,1.62,0.02,0.05,0.13
OIDC Auth Code Grant Redirect With Consent,2G,150,Send request to authorize end poiont,37527,0,0,62.58,309.35,186.84,23,1528,407,567,667,807,899,1159,40.18,16.11,99.1,2030,85.109,,99.01,2030,84.882,,99.93,2048,7024,,1.62,1.91,1.88,0.82,1.22,1.62,0.02,0.05,0.13
OIDC Auth Code Grant Redirect With Consent,2G,300,Authorize call,34668,0,0,57.73,860.88,603.37,116,17511,1103,1407,1591,1839,2031,2991,26.66,19.45,98.99,2023,84.841,,98.88,2023.5,85.04,,99.89,2048,7025,,1.20,1.14,1.50,1.10,1.58,1.70,0.00,0.00,0.04
OIDC Auth Code Grant Redirect With Consent,2G,300,Common Auth Login HTTP Request,34687,0,0,57.69,2881.01,1809.98,253,22110,3535,4511,5247,6303,7455,20479,37.69,17.46,98.99,2023,84.841,,98.88,2023.5,85.04,,99.89,2048,7025,,1.20,1.14,1.50,1.10,1.58,1.70,0.00,0.00,0.04
OIDC Auth Code Grant Redirect With Consent,2G,300,Get tokens,34676,0,0,57.78,718.09,527.59,87,17050,935,1231,1431,1695,1887,2591,86.22,32.93,98.99,2023,84.841,,98.88,2023.5,85.04,,99.89,2048,7025,,1.20,1.14,1.50,1.10,1.58,1.70,0.00,0.00,0.04
OIDC Auth Code Grant Redirect With Consent,2G,300,Send request to authorize end poiont,34666,0,0,57.77,727.92,667.15,22,16953,959,1343,1599,1935,2175,3887,37.09,14.88,98.99,2023,84.841,,98.88,2023.5,85.04,,99.89,2048,7025,,1.20,1.14,1.50,1.10,1.58,1.70,0.00,0.00,0.04
OIDC Auth Code Grant Redirect With Consent,2G,500,Authorize call,34616,61,0.18,57.65,1428.38,729.1,2,7070,1855,2415,2783,3231,3551,4831,26.61,19.42,98.86,2016,85.212,,98.76,2016.5,84.794,,99.85,2048,7024,,3.44,1.70,1.55,0.76,1.46,1.74,0.06,0.11,0.09
OIDC Auth Code Grant Redirect With Consent,2G,500,Common Auth Login HTTP Request,34860,58,0.17,57.85,4581.05,2235.39,75,17386,5887,7615,8767,10175,11199,14207,37.8,17.51,98.86,2016,85.212,,98.76,2016.5,84.794,,99.85,2048,7024,,3.44,1.70,1.55,0.76,1.46,1.74,0.06,0.11,0.09
OIDC Auth Code Grant Redirect With Consent,2G,500,Get tokens,34699,99,0.29,57.79,1270.1,653.18,2,4887,1663,2159,2479,2927,3167,3855,86.05,32.92,98.86,2016,85.212,,98.76,2016.5,84.794,,99.85,2048,7024,,3.44,1.70,1.55,0.76,1.46,1.74,0.06,0.11,0.09
OIDC Auth Code Grant Redirect With Consent,2G,500,Send request to authorize end poiont,34741,0,0,57.91,1343.23,837.22,32,7201,1783,2447,2927,3583,3983,5631,37.18,14.91,98.86,2016,85.212,,98.76,2016.5,84.794,,99.85,2048,7024,,3.44,1.70,1.55,0.76,1.46,1.74,0.06,0.11,0.09
OIDC Implicit Grant Redirect With Consent,2G,50,Common Auth Login HTTP Request,57743,0,0,96.23,282.41,140.27,91,5935,321,365,391,423,449,667,62.87,29.12,99.77,2040.5,84.825,,98.8,2024,84.807,,99.95,2048,7010,,0.00,0.08,0.52,3.72,3.18,2.64,0.26,0.22,0.13
OIDC Implicit Grant Redirect With Consent,2G,50,Get Tokens,57758,0,0,96.26,162.77,107.19,60,5805,187,213,228,245,259,309,142.75,32.43,99.77,2040.5,84.825,,98.8,2024,84.807,,99.95,2048,7010,,0.00,0.08,0.52,3.72,3.18,2.64,0.26,0.22,0.13
OIDC Implicit Grant Redirect With Consent,2G,50,Send request to authorize end point,57739,0,0,96.23,73.9,54.21,20,5694,85,105,120,139,154,206,63.31,26.86,99.77,2040.5,84.825,,98.8,2024,84.807,,99.95,2048,7010,,0.00,0.08,0.52,3.72,3.18,2.64,0.26,0.22,0.13
OIDC Implicit Grant Redirect With Consent,2G,100,Common Auth Login HTTP Request,56665,0,0,94.42,614.9,192.86,121,1706,735,875,963,1071,1143,1367,61.68,28.57,99.77,2040.5,85.65,,98.66,2020.5,82.809,,99.93,2048,7010,,0.10,0.08,0.21,8.29,6.28,4.72,0.00,0.02,0.05
OIDC Implicit Grant Redirect With Consent,2G,100,Get Tokens,56680,0,0,94.45,262.24,90.92,66,960,311,385,435,501,551,667,140.06,31.82,99.77,2040.5,85.65,,98.66,2020.5,82.809,,99.93,2048,7010,,0.10,0.08,0.21,8.29,6.28,4.72,0.00,0.02,0.05
OIDC Implicit Grant Redirect With Consent,2G,100,Send request to authorize end point,56664,0,0,94.44,181.75,93.73,28,820,235,313,363,425,471,595,62.13,26.36,99.77,2040.5,85.65,,98.66,2020.5,82.809,,99.93,2048,7010,,0.10,0.08,0.21,8.29,6.28,4.72,0.00,0.02,0.05
OIDC Implicit Grant Redirect With Consent,2G,150,Common Auth Login HTTP Request,56407,0,0,93.94,921.99,326.78,163,2902,1127,1367,1519,1703,1823,2207,61.37,28.43,99.73,2039.5,82.717,,98.6,2016.5,84.932,,99.93,2048,7017,,0.02,0.05,0.14,3.62,6.24,6.07,0.15,0.15,0.10
OIDC Implicit Grant Redirect With Consent,2G,150,Get Tokens,56375,0,0,93.9,371.3,158.36,76,1483,455,587,679,791,871,1151,139.24,31.63,99.73,2039.5,82.717,,98.6,2016.5,84.932,,99.93,2048,7017,,0.02,0.05,0.14,3.62,6.24,6.07,0.15,0.15,0.10
OIDC Implicit Grant Redirect With Consent,2G,150,Send request to authorize end point,56379,0,0,93.9,303.31,169.21,29,1334,405,539,631,731,803,1031,61.78,26.21,99.73,2039.5,82.717,,98.6,2016.5,84.932,,99.93,2048,7017,,0.02,0.05,0.14,3.62,6.24,6.07,0.15,0.15,0.10
OIDC Implicit Grant Redirect With Consent,2G,300,Common Auth Login HTTP Request,54899,0,0,91.35,1740.07,622.98,325,5352,2127,2623,2911,3215,3391,3967,59.67,27.64,99.76,2039,86.012,,98.34,2005,84.672,,99.89,2048,7006,,0.02,0.07,0.09,18.29,17.52,12.10,0.11,0.24,0.17
OIDC Implicit Grant Redirect With Consent,2G,300,Get Tokens,54846,0,0,91.28,791,311.11,115,2955,979,1215,1375,1551,1671,2127,135.37,30.75,99.76,2039,86.012,,98.34,2005,84.672,,99.89,2048,7006,,0.02,0.07,0.09,18.29,17.52,12.10,0.11,0.24,0.17
OIDC Implicit Grant Redirect With Consent,2G,300,Send request to authorize end point,54833,0,0,91.26,749.41,328.28,110,2572,943,1199,1367,1543,1679,2079,60.04,25.47,99.76,2039,86.012,,98.34,2005,84.672,,99.89,2048,7006,,0.02,0.07,0.09,18.29,17.52,12.10,0.11,0.24,0.17
OIDC Implicit Grant Redirect With Consent,2G,500,Common Auth Login HTTP Request,54523,0,0,90.68,2400.13,604.38,562,6307,2783,3183,3439,3791,4047,4831,59.24,27.44,99.75,2038.5,83.004,,98.23,1996.5,85.175,,99.83,2048,7006,,0.06,0.06,0.08,16.34,18.41,15.97,0.01,0.08,0.12
OIDC Implicit Grant Redirect With Consent,2G,500,Get Tokens,54534,0,0,90.68,1515.18,429.13,387,3943,1783,2095,2287,2511,2655,3071,134.47,30.55,99.75,2038.5,83.004,,98.23,1996.5,85.175,,99.83,2048,7006,,0.06,0.06,0.08,16.34,18.41,15.97,0.01,0.08,0.12
OIDC Implicit Grant Redirect With Consent,2G,500,Send request to authorize end point,54523,0,0,90.71,1584.78,441.69,257,3843,1887,2159,2335,2543,2687,3199,59.69,25.32,99.75,2038.5,83.004,,98.23,1996.5,85.175,,99.83,2048,7006,,0.06,0.06,0.08,16.34,18.41,15.97,0.01,0.08,0.12
OIDC Password Grant Type,2G,50,GetToken_Password_Grant,237490,0,0,395.81,126.13,39.17,33,401,150,178,197,218,234,283,544.81,139.37,98.8,2040,82.67,,98.61,2040,82.546,,99.94,2048,5959,,2.43,2.56,1.83,1.94,3.05,6.62,0.14,0.13,0.09
OIDC Password Grant Type,2G,100,GetToken_Password_Grant,240175,0,0,400.22,249.82,77.95,39,776,299,353,389,429,457,539,550.89,140.92,98.69,2038,82.968,,98.54,2038,84.226,,99.93,2048,5959,,4.02,3.27,2.77,2.96,3.14,4.38,0.17,0.09,0.08
OIDC Password Grant Type,2G,150,GetToken_Password_Grant,236303,0,0,393.72,381.04,117.74,51,1140,455,539,591,651,691,819,541.94,138.64,98.61,2036,82.822,,98.39,2036,84.765,,99.91,2048,5960,,2.48,3.07,3.17,3.58,4.23,4.47,0.01,0.04,0.07
OIDC Password Grant Type,2G,300,GetToken_Password_Grant,234358,0,0,390.3,768.12,242.02,56,2145,923,1095,1199,1327,1407,1663,537.24,137.43,98.37,2030.5,86.01,,98.11,2030.5,82.585,,99.87,2048,5964,,2.76,3.03,3.09,5.82,4.29,4.18,0.11,0.09,0.08
OIDC Password Grant Type,2G,500,GetToken_Password_Grant,224415,0,0,373.58,1336.55,414.71,149,3776,1607,1895,2079,2287,2431,2831,514.22,131.54,98.11,2022.5,84.715,,97.85,2022.5,85.706,,99.82,2048,5959,,2.36,3.39,3.52,2.58,3.44,3.88,0.12,0.16,0.11
OIDC Auth Code Request Path Authenticator With Consent,2G,50,Get tokens,42065,0,0,70.1,150.88,31.55,74,351,171,193,207,223,233,273,102.79,39.96,99.35,2030.5,84.909,,99.3,2031,84.859,,99.96,2048,7006,,0.74,0.92,1.70,0.89,1.19,1.97,0.18,0.11,0.09
OIDC Auth Code Request Path Authenticator With Consent,2G,50,Send request to authorize end poiont,42062,0,0,70.08,562.24,113.62,247,1229,623,707,779,851,895,1007,58.17,21.81,99.35,2030.5,84.909,,99.3,2031,84.859,,99.96,2048,7006,,0.74,0.92,1.70,0.89,1.19,1.97,0.18,0.11,0.09
OIDC Auth Code Request Path Authenticator With Consent,2G,100,Get tokens,41048,0,0,68.41,236.92,79.12,84,1013,271,337,387,459,515,687,100.3,38.99,99.29,2028,82.632,,99.23,2028.5,84.966,,99.96,2048,7018,,0.61,0.87,1.22,1.27,1.17,1.53,0.05,0.04,0.06
OIDC Auth Code Request Path Authenticator With Consent,2G,100,Send request to authorize end poiont,41043,0,0,68.36,1225.25,327.76,373,2915,1423,1671,1831,2015,2143,2511,56.73,21.27,99.29,2028,82.632,,99.23,2028.5,84.966,,99.96,2048,7018,,0.61,0.87,1.22,1.27,1.17,1.53,0.05,0.04,0.06
OIDC Auth Code Request Path Authenticator With Consent,2G,150,Get tokens,40961,0,0,68.25,337.15,151.44,71,1605,405,539,635,759,859,1151,100.06,38.9,99.25,2026,82.738,,99.18,2026,84.848,,99.95,2048,7011,,0.88,0.94,1.04,1.24,1.26,1.37,0.00,0.01,0.02
OIDC Auth Code Request Path Authenticator With Consent,2G,150,Send request to authorize end poiont,40945,0,0,68.14,1858.41,578.88,438,5281,2191,2639,2943,3295,3535,4223,56.56,21.2,99.25,2026,82.738,,99.18,2026,84.848,,99.95,2048,7011,,0.88,0.94,1.04,1.24,1.26,1.37,0.00,0.01,0.02
OIDC Auth Code Request Path Authenticator With Consent,2G,300,Get tokens,38581,0,0,64.3,770.66,408.49,100,3316,999,1319,1551,1807,1999,2607,94.27,36.65,99.19,2019,84.803,,99.02,2019.5,82.564,,99.93,2048,7011,,1.19,1.13,1.12,0.75,1.08,1.22,0.11,0.05,0.01
OIDC Auth Code Request Path Authenticator With Consent,2G,300,Send request to authorize end poiont,38508,0,0,63.97,3892.75,1343,724,12882,4703,5663,6335,7167,7775,9855,53.09,19.9,99.19,2019,84.803,,99.02,2019.5,82.564,,99.93,2048,7011,,1.19,1.13,1.12,0.75,1.08,1.22,0.11,0.05,0.01
OIDC Auth Code Request Path Authenticator With Consent,2G,500,Get tokens,37346,289,0.77,62.1,1408.84,724.91,2,6429,1839,2351,2703,3215,3679,4671,90.5,35.35,99.08,2010.5,84.755,,98.97,2011,83.742,,99.9,2048,7011,,1.23,1.01,1.10,0.39,0.90,1.23,0.08,0.03,0.00
OIDC Auth Code Request Path Authenticator With Consent,2G,500,Send request to authorize end poiont,37377,237,0.63,62.02,6610.16,2369,63,20664,8031,9791,10943,12223,13247,15935,51.43,19.3,99.08,2010.5,84.755,,98.97,2011,83.742,,99.9,2048,7011,,1.23,1.01,1.10,0.39,0.90,1.23,0.08,0.03,0.00
SAML2 SSO Redirect Binding,2G,50,Identity Provider Login,51680,0,0,86.1,516.77,174.4,135,1827,575,691,859,1071,1199,1503,618.51,54.3,98.92,2035,85.227,,98.75,2034.5,84.945,,99.9,2048,7052,,1.54,1.42,1.43,1.51,1.80,1.67,0.28,0.20,0.12
SAML2 SSO Redirect Binding,2G,50,Initial SAML Request,51679,0,0,86.14,63.01,33.96,12,321,80,107,127,156,177,246,45.74,66.69,98.92,2035,85.227,,98.75,2034.5,84.945,,99.9,2048,7052,,1.54,1.42,1.43,1.51,1.80,1.67,0.28,0.20,0.12
SAML2 SSO Redirect Binding,2G,100,Identity Provider Login,51120,0,0,85.09,1001.96,635.3,145,4503,1119,1439,2399,3423,3855,4287,611.25,53.66,98.81,2032,82.673,,98.72,2035,85.134,,99.87,2048,7052,,1.31,2.34,2.32,0.80,1.71,1.87,0.23,0.23,0.16
SAML2 SSO Redirect Binding,2G,100,Initial SAML Request,51119,0,0,85.21,170.31,138.31,12,991,251,375,449,527,575,703,45.25,65.97,98.81,2032,82.673,,98.72,2035,85.134,,99.87,2048,7052,,1.31,2.34,2.32,0.80,1.71,1.87,0.23,0.23,0.16
SAML2 SSO Redirect Binding,2G,150,Identity Provider Login,50897,0,0,84.74,1459.16,683.8,146,4739,1727,2351,2975,3487,3759,4383,608.77,53.45,98.8,2032.5,83.215,,98.67,2033,83.072,,99.84,2048,7052,,1.57,2.18,2.36,1.28,2.07,2.26,0.09,0.11,0.12
SAML2 SSO Redirect Binding,2G,150,Initial SAML Request,50898,0,0,84.84,306.59,249.86,11,1383,483,667,775,895,971,1159,45.05,65.69,98.8,2032.5,83.215,,98.67,2033,83.072,,99.84,2048,7052,,1.57,2.18,2.36,1.28,2.07,2.26,0.09,0.11,0.12
SAML2 SSO Redirect Binding,2G,300,Identity Provider Login,49863,0,0,82.7,2972.47,1963.44,155,13966,3519,4799,7039,9855,11263,13311,594.12,52.16,98.68,2032.5,83.484,,98.47,2026,83.739,,99.79,2048,7053,,1.42,2.83,3.00,1.64,2.78,2.98,0.27,0.17,0.14
SAML2 SSO Redirect Binding,2G,300,Initial SAML Request,49754,0,0,82.91,638.81,564.99,11,4575,979,1399,1703,2079,2367,3231,44.02,64.19,98.68,2032.5,83.484,,98.47,2026,83.739,,99.79,2048,7053,,1.42,2.83,3.00,1.64,2.78,2.98,0.27,0.17,0.14
SAML2 SSO Redirect Binding,2G,500,Identity Provider Login,48026,22,0.05,79.61,5192.65,2610.45,165,18161,6559,8767,10559,12095,12927,16127,614.87,50.26,98.55,2024,82.3,,98.42,2026,84.779,,99.69,2048,7052,,1.48,3.36,3.33,1.23,2.35,2.66,0.29,0.18,0.16
SAML2 SSO Redirect Binding,2G,500,Initial SAML Request,47974,0,0,79.95,1034.03,895.51,13,7845,1543,2239,2687,3327,3759,5375,42.45,61.9,98.55,2024,82.3,,98.42,2026,84.779,,99.69,2048,7052,,1.48,3.36,3.33,1.23,2.35,2.66,0.29,0.18,0.16
